{"global_step": 116473, "train/mean_score": 0.0, "train/mean_turns_per_game": 12.516666666666667, "train/epsilon": 0.6976512068261799, "train/opponent_updates": 0, "eval/mean_fitness": 0.0, "eval/best_fitness": 0.0, "eval/mean_turns_per_game": 12.733333333333333, "train/action_0": 0.23076923076923078, "train/action_1": 0.15384615384615385, "train/action_2": 0.09615384615384616, "train/action_3": 0.10164835164835165, "train/action_4": 0.13736263736263737, "train/action_5": 0.13186813186813187, "train/action_6": 0.14835164835164835, "eval/action_0": 0.5239130434782608, "eval/action_1": 0.07336956521739131, "eval/action_2": 0.0641304347826087, "eval/action_3": 0.07608695652173914, "eval/action_4": 0.06358695652173912, "eval/action_5": 0.06521739130434782, "eval/action_6": 0.13369565217391305, "_timestamp": 1722379017.228683, "_runtime": 1483.3684329986572, "_step": 14, "_wandb": {"runtime": 1484}}