{"global_step": 38564, "train/mean_score": -0.3, "train/mean_turns_per_game": 12.35, "train/epsilon": 0.8869097923165176, "train/opponent_updates": 0, "eval/mean_fitness": -0.5866666666666668, "eval/best_fitness": -0.46, "eval/mean_turns_per_game": 12.273333333333333, "train/action_0": 0.16666666666666666, "train/action_1": 0.13055555555555556, "train/action_2": 0.13055555555555556, "train/action_3": 0.12777777777777777, "train/action_4": 0.11944444444444445, "train/action_5": 0.19722222222222222, "train/action_6": 0.12777777777777777, "eval/action_0": 0.07961269499731038, "eval/action_1": 0.0656266810112964, "eval/action_2": 0.05970952124798279, "eval/action_3": 0.08337816030123722, "eval/action_4": 0.09575040344271113, "eval/action_5": 0.45293168370091447, "eval/action_6": 0.1629908552985476, "_timestamp": 1722361007.5301607, "_runtime": 416.6471607685089, "_step": 4, "_wandb": {"runtime": 416}}