{"global_step": 38942, "train/mean_score": -0.2, "train/mean_turns_per_game": 13.416666666666666, "train/epsilon": 0.8869097923165176, "train/opponent_updates": 0, "eval/mean_fitness": -0.4166666666666667, "eval/best_fitness": -0.24, "eval/mean_turns_per_game": 12.503333333333332, "train/action_0": 0.14974619289340102, "train/action_1": 0.16243654822335024, "train/action_2": 0.1319796954314721, "train/action_3": 0.12944162436548223, "train/action_4": 0.1218274111675127, "train/action_5": 0.14974619289340102, "train/action_6": 0.1548223350253807, "eval/action_0": 0.07894736842105263, "eval/action_1": 0.29860365198711064, "eval/action_2": 0.12244897959183673, "eval/action_3": 0.09828141783029001, "eval/action_4": 0.08539205155746508, "eval/action_5": 0.182062298603652, "eval/action_6": 0.13426423200859292, "_timestamp": 1722297304.4481392, "_runtime": 385.84186720848083, "_step": 4, "_wandb": {"runtime": 393}}