{"global_step": 119761, "train/mean_score": -0.2, "train/mean_turns_per_game": 13.916666666666666, "train/epsilon": 0.6976512068261799, "train/opponent_updates": 0, "eval/mean_fitness": -0.5333333333333333, "eval/best_fitness": -0.4, "eval/mean_turns_per_game": 12.186666666666667, "train/action_0": 0.14532019704433496, "train/action_1": 0.12561576354679804, "train/action_2": 0.11576354679802955, "train/action_3": 0.1354679802955665, "train/action_4": 0.1477832512315271, "train/action_5": 0.1921182266009852, "train/action_6": 0.13793103448275862, "eval/action_0": 0.0889252591380251, "eval/action_1": 0.09383524277141299, "eval/action_2": 0.06546644844517185, "eval/action_3": 0.08237861429350792, "eval/action_4": 0.08074195308237861, "eval/action_5": 0.3071467539552646, "eval/action_6": 0.281505728314239, "_timestamp": 1722376237.5840113, "_runtime": 14586.866310358047, "_step": 14, "_wandb": {"runtime": 14587}}