{"global_step": 410768, "train/mean_score": -0.6, "train/mean_turns_per_game": 19.1, "train/epsilon": 0.46390438711515075, "train/opponent_updates": 6, "eval/mean_fitness": -0.01, "eval/best_fitness": 0.0, "eval/mean_turns_per_game": 14.683333333333332, "train/action_0": 0.15051903114186851, "train/action_1": 0.16608996539792387, "train/action_2": 0.14186851211072665, "train/action_3": 0.12629757785467127, "train/action_4": 0.10207612456747404, "train/action_5": 0.17301038062283736, "train/action_6": 0.14013840830449828, "eval/action_0": 0.20433145009416195, "eval/action_1": 0.20480225988700565, "eval/action_2": 0.02871939736346516, "eval/action_3": 0.05885122410546139, "eval/action_4": 0.0852165725047081, "eval/action_5": 0.21610169491525424, "eval/action_6": 0.2019774011299435, "_timestamp": 1722456685.6624699, "_runtime": 77660.27325987816, "_step": 31, "_wandb": {"runtime": 77699}}